{
  "schema_version": 1,
  "reference": "observed_norm",
  "observed_norm_factors": {
    "ATH": 0.824231,
    "ATL": 0.92965,
    "AZ": 0.882167,
    "BAL": 1.112312,
    "BOS": 0.90915,
    "CHC": 0.973252,
    "CIN": 1.285802,
    "CLE": 1.006376,
    "COL": 1.090835,
    "CWS": 1.123567,
    "DET": 0.922896,
    "HOU": 1.060606,
    "KC": 0.803932,
    "LAA": 1.093033,
    "LAD": 1.166287,
    "MIA": 0.841785,
    "MIL": 1.150256,
    "MIN": 0.957622,
    "NYM": 1.009903,
    "NYY": 1.164888,
    "PHI": 1.183907,
    "PIT": 0.836883,
    "SD": 0.999906,
    "SEA": 0.988931,
    "SF": 0.732202,
    "STL": 0.847553,
    "TB": 0.969521,
    "TEX": 1.04749,
    "TOR": 1.059324,
    "WSH": 1.025733
  },
  "metadata": {
    "seasons": "2015-2025",
    "split_half_reliability": 0.935,
    "n_parks": 30,
    "holdout_excluded": 2026,
    "source": "scripts/compare_park_factors.py --emit-anchor",
    "generated_at": "2026-06-04T00:23:01+00:00"
  }
}
