{
  "n_bbips": 123393,
  "n_rows": 3701790,
  "n_parks": 30,
  "elapsed_sec": 2679.617141936993,
  "bbips_per_sec": 46.04874258671293
}