{
  "n_bbips": 1131066,
  "n_rows": 33931980,
  "n_parks": 30,
  "elapsed_sec": 23440.451713723,
  "bbips_per_sec": 48.25273906039224
}