{
  "schema_version": 1,
  "artifact_name": "pitch_8model_comparison",
  "train_years": [
    2015,
    2016,
    2017,
    2018,
    2019,
    2020,
    2021,
    2022,
    2023
  ],
  "val_years": [
    2024
  ],
  "test_years": [
    2025
  ],
  "pitch_type_classes": [
    "FF",
    "SI",
    "SL",
    "CH",
    "CU",
    "FC",
    "ST",
    "OTHER"
  ],
  "models": [
    {
      "name": "Transformer",
      "accuracy": 0.438227032874775,
      "top2_accuracy": 0.7054483269615978,
      "logloss": 1.3372510949344685,
      "calibration_ece": 0.008624275115073021,
      "per_class_accuracy": {
        "FF": 0.7319733280517594,
        "SI": 0.4937641826268494,
        "SL": 0.23403180033433113,
        "CH": 0.18663252930871851,
        "CU": 0.14652528117681982,
        "FC": 0.27616980673165076,
        "ST": 0.40918320904666877,
        "OTHER": 0.6594982078853047
      },
      "confusion_matrix": [
        [
          166308,
          12968,
          12735,
          10341,
          4896,
          5221,
          14328,
          408
        ],
        [
          25716,
          54398,
          5992,
          3955,
          2690,
          6047,
          11341,
          31
        ],
        [
          53985,
          14892,
          24080,
          3337,
          1352,
          3173,
          2047,
          26
        ],
        [
          48138,
          12903,
          4751,
          18005,
          2461,
          3693,
          6511,
          11
        ],
        [
          33818,
          8102,
          2460,
          1995,
          8885,
          2918,
          2396,
          64
        ],
        [
          20282,
          9694,
          931,
          2351,
          1262,
          14761,
          4109,
          59
        ],
        [
          18195,
          8932,
          1350,
          1666,
          928,
          2644,
          23375,
          36
        ],
        [
          534,
          24,
          20,
          3,
          8,
          58,
          18,
          1288
        ]
      ],
      "train_time_sec": 1221.7041149859997
    },
    {
      "name": "Hybrid (T+LGBM)",
      "accuracy": 0.4477170216901956,
      "top2_accuracy": 0.7232041988657654,
      "logloss": 1.309639928905606,
      "calibration_ece": 0.0076254285962259,
      "per_class_accuracy": {
        "FF": 0.743628001144341,
        "SI": 0.49627847871471364,
        "SL": 0.29340473506200676,
        "CH": 0.2240315943320929,
        "CU": 0.15036775619248655,
        "FC": 0.24556118917098543,
        "ST": 0.33608164408500507,
        "OTHER": 0.49257552483358935
      },
      "confusion_matrix": [
        [
          168956,
          11584,
          15378,
          12051,
          4662,
          4214,
          9995,
          365
        ],
        [
          24655,
          54675,
          9717,
          4977,
          2886,
          4673,
          8531,
          56
        ],
        [
          51044,
          13193,
          30189,
          3599,
          1112,
          2504,
          1208,
          43
        ],
        [
          50260,
          11416,
          4625,
          21613,
          2753,
          2930,
          2843,
          33
        ],
        [
          34434,
          7293,
          3139,
          2824,
          9118,
          2490,
          1279,
          61
        ],
        [
          21341,
          9705,
          1441,
          3876,
          1519,
          13125,
          2388,
          54
        ],
        [
          20300,
          10420,
          1801,
          2437,
          697,
          2219,
          19199,
          53
        ],
        [
          917,
          18,
          17,
          2,
          16,
          13,
          8,
          962
        ]
      ],
      "train_time_sec": 476.5655210779987
    },
    {
      "name": "Hierarchical",
      "accuracy": 0.3861891574377453,
      "top2_accuracy": 0.6183593320805854,
      "logloss": 1.682109465713961,
      "calibration_ece": 0.024579932639022823,
      "per_class_accuracy": {
        "FF": 0.808683787768755,
        "SI": 0.314051012072252,
        "SL": 0.22140691210200988,
        "CH": 0.18479781907891327,
        "CU": 0.117385138032257,
        "FC": 0.05206832681621733,
        "ST": 0.08318453943913455,
        "OTHER": 0.2867383512544803
      },
      "confusion_matrix": [
        [
          183737,
          8789,
          15761,
          12305,
          4015,
          67,
          2304,
          227
        ],
        [
          53092,
          34599,
          10990,
          5204,
          3326,
          455,
          2488,
          16
        ],
        [
          65342,
          8582,
          22781,
          3988,
          1169,
          762,
          250,
          18
        ],
        [
          62242,
          8044,
          4941,
          17828,
          2374,
          175,
          868,
          1
        ],
        [
          41763,
          4794,
          3754,
          2744,
          7118,
          243,
          219,
          3
        ],
        [
          34882,
          8327,
          2095,
          3508,
          1365,
          2783,
          454,
          35
        ],
        [
          33099,
          9659,
          5853,
          2506,
          1094,
          141,
          4752,
          22
        ],
        [
          1227,
          42,
          18,
          28,
          66,
          0,
          12,
          560
        ]
      ],
      "train_time_sec": 299.80720163099977
    },
    {
      "name": "Pitcher Embed",
      "accuracy": 0.3883345118931239,
      "top2_accuracy": 0.6317230731956062,
      "logloss": 1.8106121876618797,
      "calibration_ece": 0.031441819871314884,
      "per_class_accuracy": {
        "FF": 0.7373869413085099,
        "SI": 0.35776527185259144,
        "SL": 0.2689616296699452,
        "CH": 0.2058088791682647,
        "CU": 0.11473003727035852,
        "FC": 0.12144287077400887,
        "ST": 0.13025592549802192,
        "OTHER": 0.15873015873015872
      },
      "confusion_matrix": [
        [
          167538,
          11518,
          21954,
          15835,
          3918,
          2555,
          3778,
          109
        ],
        [
          40411,
          39415,
          14086,
          5770,
          3182,
          3410,
          3892,
          4
        ],
        [
          55778,
          10880,
          27674,
          4911,
          966,
          1813,
          866,
          4
        ],
        [
          56968,
          8265,
          5857,
          19855,
          2384,
          1890,
          1254,
          0
        ],
        [
          37417,
          5426,
          5008,
          3902,
          6957,
          1352,
          575,
          1
        ],
        [
          28911,
          7775,
          3364,
          4403,
          1479,
          6491,
          1022,
          4
        ],
        [
          26112,
          9544,
          8622,
          2765,
          786,
          1852,
          7441,
          4
        ],
        [
          1232,
          49,
          177,
          98,
          62,
          21,
          4,
          310
        ]
      ],
      "train_time_sec": 228.73561231199892
    }
  ]
}