{
  "name": "Hybrid + Context",
  "accuracy": 0.45262471369448914,
  "top2_accuracy": 0.7264412471510313,
  "logloss": 1.3125227408443185,
  "calibration_ece": 0.007897232805028099
}